,Metric,Score
0,MSE,0.02690858007345621
1,MAE,0.103546253258787
2,R2,0.7098511232114283
3,Training Time (s),1783.0
4,Accuracy,0.8832513151196335
5,F1_Score,0.8813255802547267
